primer.id,primer.sequence,primer.barcode.f,primer.barcode.r
Ion_17,CCATCTCATCCCTGCGTGTCTCCGACTCAGTCTATTCGTCGATGTCCACGAGGTCTCT,TCTATTCGTC,TCTATTCGTC
Ion_18,CCATCTCATCCCTGCGTGTCTCCGACTCAGAGGCAATTGCGATGTCCACGAGGTCTCT,AGGCAATTGC,AGGCAATTGC
Ion_19,CCATCTCATCCCTGCGTGTCTCCGACTCAGTTAGTCGGACGATGTCCACGAGGTCTCT,TTAGTCGGAC,TTAGTCGGAC
Ion_20,CCATCTCATCCCTGCGTGTCTCCGACTCAGCAGATCCATCGATGTCCACGAGGTCTCT,CAGATCCATC,CAGATCCATC
Ion_21,CCATCTCATCCCTGCGTGTCTCCGACTCAGTCGCAATTACGATGTCCACGAGGTCTCT,TCGCAATTAC,TCGCAATTAC
Ion_22,CCATCTCATCCCTGCGTGTCTCCGACTCAGTTCGAGACGCGATGTCCACGAGGTCTCT,TTCGAGACGC,TTCGAGACGC
Ion_23,CCATCTCATCCCTGCGTGTCTCCGACTCAGTGCCACGAACGATGTCCACGAGGTCTCT,TGCCACGAAC,TGCCACGAAC
Ion_24,CCATCTCATCCCTGCGTGTCTCCGACTCAGAACCTCATTCGATGTCCACGAGGTCTCT,AACCTCATTC,AACCTCATTC
Ion_25,CCATCTCATCCCTGCGTGTCTCCGACTCAGCCTGAGATACGATGTCCACGAGGTCTCT,CCTGAGATAC,CCTGAGATAC
Ion_26,CCATCTCATCCCTGCGTGTCTCCGACTCAGTTACAACCTCGATGTCCACGAGGTCTCT,TTACAACCTC,TTACAACCTC
Ion_27,CCATCTCATCCCTGCGTGTCTCCGACTCAGAACCATCCGCGATGTCCACGAGGTCTCT,AACCATCCGC,AACCATCCGC
Ion_28,CCATCTCATCCCTGCGTGTCTCCGACTCAGATCCGGAATCGATGTCCACGAGGTCTCT,ATCCGGAATC,ATCCGGAATC
Ion_29,CCATCTCATCCCTGCGTGTCTCCGACTCAGTCGACCACTCGATGTCCACGAGGTCTCT,TCGACCACTC,TCGACCACTC
Ion_30,CCATCTCATCCCTGCGTGTCTCCGACTCAGCGAGGTTATCGATGTCCACGAGGTCTCT,CGAGGTTATC,CGAGGTTATC
Ion_31,CCATCTCATCCCTGCGTGTCTCCGACTCAGTCCAAGCTGCGATGTCCACGAGGTCTCT,TCCAAGCTGC,TCCAAGCTGC
Ion_32,CCATCTCATCCCTGCGTGTCTCCGACTCAGTCTTACACACGATGTCCACGAGGTCTCT,TCTTACACAC,TCTTACACAC
Ion_33,CCATCTCATCCCTGCGTGTCTCCGACTCAGTTCTCATTGAACGATGTCCACGAGGTCTCT,TTCTCATTGAAC,TTCTCATTGAAC
Ion_34,CCATCTCATCCCTGCGTGTCTCCGACTCAGTCGCATCGTTCGATGTCCACGAGGTCTCT,TCGCATCGTTC,TCGCATCGTTC
Ion_35,CCATCTCATCCCTGCGTGTCTCCGACTCAGTAAGCCATTGTCGATGTCCACGAGGTCTCT,TAAGCCATTGTC,TAAGCCATTGTC
Ion_36,CCATCTCATCCCTGCGTGTCTCCGACTCAGAAGGAATCGTCGATGTCCACGAGGTCTCT,AAGGAATCGTC,AAGGAATCGTC
Ion_37,CCATCTCATCCCTGCGTGTCTCCGACTCAGCTTGAGAATGTCGATGTCCACGAGGTCTCT,CTTGAGAATGTC,CTTGAGAATGTC
Ion_38,CCATCTCATCCCTGCGTGTCTCCGACTCAGTGGAGGACGGACGATGTCCACGAGGTCTCT,TGGAGGACGGAC,TGGAGGACGGAC
Ion_39,CCATCTCATCCCTGCGTGTCTCCGACTCAGTAACAATCGGCGATGTCCACGAGGTCTCT,TAACAATCGGC,TAACAATCGGC
Ion_40,CCATCTCATCCCTGCGTGTCTCCGACTCAGCTGACATAATCGATGTCCACGAGGTCTCT,CTGACATAATC,CTGACATAATC
Ion_R1,CCTCTCTATGGGCAGTCGGTGATAGCGCTTAGGATGTCGACCTGCAGCGTACG,TCGCGAATC,CTAAGCGCT
Ion_R2,CCTCTCTATGGGCAGTCGGTGATGACTGATACGATGTCGACCTGCAGCGTACG,CTGACTATG,GTATCAGTC
Ion_R3,CCTCTCTATGGGCAGTCGGTGATATTCAATTCGATGTCGACCTGCAGCGTACG,TAAGTTAAG,GAATTGAAT
Ion_R4,CCTCTCTATGGGCAGTCGGTGATCTGAAACCGGATGTCGACCTGCAGCGTACG,GACTTTGGC,CGGTTTCAG
Ion_R5,CCTCTCTATGGGCAGTCGGTGATGTTGGGCCGGATGTCGACCTGCAGCGTACG,CAACCCGGC,CGGCCCAAC
Ion_R6,CCTCTCTATGGGCAGTCGGTGATTGGTATGCCGATGTCGACCTGCAGCGTACG,ACCATACGG,GGCATACCA
Ion_R7,CCTCTCTATGGGCAGTCGGTGATCAAGCGAGCGATGTCGACCTGCAGCGTACG,GTTCGCTCG,GCTCGCTTG
Ion_R8,CCTCTCTATGGGCAGTCGGTGATTCCCGACCGGATGTCGACCTGCAGCGTACG,AGGGCTGGC,CGGTCGGGA
Ion_R9,CCTCTCTATGGGCAGTCGGTGATGAGGATGATGATGTCGACCTGCAGCGTACG,CTCCTACTA,ATCATCCTC
Ion_R10,CCTCTCTATGGGCAGTCGGTGATAAATCGAATGATGTCGACCTGCAGCGTACG,TTTAGCTTA,ATTCGATTT
Ion_R11,CCTCTCTATGGGCAGTCGGTGATAGCTGCCGAGATGTCGACCTGCAGCGTACG,TCGACGGCT,TCGGCAGCT
Ion_R12,CCTCTCTATGGGCAGTCGGTGATAGAGGCTGCGATGTCGACCTGCAGCGTACG,TCTCCGACG,GCAGCCTCT
Ion_R13,CCTCTCTATGGGCAGTCGGTGATAACGTGAGGGATGTCGACCTGCAGCGTACG,TTGCACTCC,CCTCACGTT
Ion_R14,CCTCTCTATGGGCAGTCGGTGATATTAGCGGCGATGTCGACCTGCAGCGTACG,TAATCGCCG,GCCGCTAAT
Ion_R15,CCTCTCTATGGGCAGTCGGTGATGCTGTATAGGATGTCGACCTGCAGCGTACG,CGACATATC,CTATACAGC
Ion_R16,CCTCTCTATGGGCAGTCGGTGATCCGGTTAACGATGTCGACCTGCAGCGTACG,GGCCAATTG,GTTAACCGG
Ion_R17,CCTCTCTATGGGCAGTCGGTGATTGCCTGACTGATGTCGACCTGCAGCGTACG,ACGGACTGA,AGTCAGGCA
Ion_R18,CCTCTCTATGGGCAGTCGGTGATAGACCTGAAGATGTCGACCTGCAGCGTACG,TCTGGACTT,TTCAGGTCT
Ion_R19,CCTCTCTATGGGCAGTCGGTGATCTCACCTGTGATGTCGACCTGCAGCGTACG,GAGTGGACA,ACAGGTGAG
Ion_R20,CCTCTCTATGGGCAGTCGGTGATTAGTAACGCGATGTCGACCTGCAGCGTACG,ATCATTGCG,GCGTTACTA
Ion_R21,CCTCTCTATGGGCAGTCGGTGATCACCATGTAGATGTCGACCTGCAGCGTACG,GTGGTACAT,TACATGGTG
Ion_R22,CCTCTCTATGGGCAGTCGGTGATAGTATGCCAGATGTCGACCTGCAGCGTACG,TCATACGGT,TGGCATACT